país,2020,2021,2022,2023,2024,2025,Crescimento 2020-2021,Crescimento 2021-2022,Crescimento 2022-2023,Crescimento 2023-2024,Crescimento 2024-2025,Média do Crescimento,Ranking de crescimento,Faixa de crescimento,Participação 2020,Participação 2025,Tendência de Participação,Crescimento Bruto,Ranking de Crescimento Bruto
Afghanistan,"$20,136.00","$14,278.00","$14,501.00","$17,248.00","$17,248.00","$17,248.00",-29.09%,1.56%,18.94%,0.00%,0.00%,-1.72,177,Baixo,0.02%,0.02%,→ Estável,"$-2,888",192
Albania,"$15,271.00","$18,086.00","$19,185.00","$23,388.00","$27,259.00","$28,372.00",18.43%,6.08%,21.91%,16.55%,4.08%,13.41,17,Alto,0.02%,0.02%,→ Estável,"$13,101",153
Algeria,"$164,774.00","$185,850.00","$225,709.00","$247,789.00","$264,913.00","$268,885.00",12.79%,21.45%,9.78%,6.91%,1.50%,10.49,39,Alto,0.19%,0.24%,↑ Cresceu,"$104,111",168
Andorra,"$2,885.00","$3,325.00","$3,376.00","$3,786.00","$4,038.00","$4,035.00",15.25%,1.53%,12.14%,6.66%,-0.07%,7.1,94,Médio,0.00%,0.00%,→ Estável,"$1,150",182
Angola,"$66,521.00","$84,375.00","$142,442.00","$109,764.00","$115,946.00","$113,343.00",26.84%,68.82%,-22.94%,5.63%,-2.25%,15.22,11,Alto,0.08%,0.10%,↑ Cresceu,"$46,822",58
Antigua and Barbuda,"$1,412.00","$1,602.00","$1,867.00","$2,006.00","$2,225.00","$2,373.00",13.46%,16.54%,7.45%,10.92%,6.65%,11.0,30,Alto,0.00%,0.00%,→ Estável,$961,2
Argentina,"$385,218.00","$486,040.00","$632,318.00","$645,511.00","$632,145.00","$683,533.00",26.17%,30.10%,2.09%,-2.07%,8.13%,12.88,19,Alto,0.45%,0.60%,↑ Cresceu,"$298,315",104
Armenia,"$12,642.00","$13,879.00","$19,514.00","$24,086.00","$25,533.00","$26,258.00",9.78%,40.60%,23.43%,6.01%,2.84%,16.53,8,Alto,0.01%,0.02%,↑ Cresceu,"$13,616",150
Aruba,"$2,486.00","$2,929.00","$3,279.00","$3,649.00","$3,952.00","$4,100.00",17.82%,11.95%,11.28%,8.30%,3.74%,10.62,37,Alto,0.00%,0.00%,→ Estável,"$1,614",176
Australia,"$1,362,613.00","$1,655,843.00","$1,725,461.00","$1,742,461.00","$1,796,805.00","$1,771,681.00",21.52%,4.20%,0.99%,3.12%,-1.40%,5.69,129,Médio,1.59%,1.56%,↓ Caiu,"$409,068",68
Austria,"$434,050.00","$480,786.00","$472,339.00","$512,509.00","$521,269.00","$534,301.00",10.77%,-1.76%,8.50%,1.71%,2.50%,4.34,153,Baixo,0.51%,0.47%,↓ Caiu,"$100,251",169
Azerbaijan,"$42,693.00","$54,825.00","$78,807.00","$72,428.00","$74,316.00","$78,870.00",28.42%,43.74%,-8.09%,2.61%,6.13%,14.56,14,Alto,0.05%,0.07%,↑ Cresceu,"$36,177",85
Bahamas,"$9,958.00","$11,369.00","$13,136.00","$14,338.00","$14,761.00","$15,178.00",14.17%,15.54%,9.15%,2.95%,2.83%,8.93,58,Médio,0.01%,0.01%,→ Estável,"$5,220",54
Bahrain,"$35,838.00","$40,840.00","$46,458.00","$46,192.00","$46,943.00","$47,829.00",13.96%,13.76%,-0.57%,1.63%,1.89%,6.13,118,Médio,0.04%,0.04%,→ Estável,"$11,991",162
Bangladesh,"$373,902.00","$416,265.00","$460,201.00","$451,534.00","$451,096.00","$467,218.00",11.33%,10.55%,-1.88%,-0.10%,3.57%,4.7,149,Baixo,0.44%,0.41%,↓ Caiu,"$93,316",6
Barbados,"$5,168.00","$5,275.00","$6,257.00","$6,721.00","$7,167.00","$7,552.00",2.07%,18.62%,7.42%,6.64%,5.37%,8.02,73,Médio,0.01%,0.01%,→ Estável,"$2,384",124
Belarus,"$61,312.00","$68,207.00","$73,735.00","$71,792.00","$71,180.00","$71,561.00",11.25%,8.10%,-2.64%,-0.85%,0.54%,3.28,165,Baixo,0.07%,0.06%,↓ Caiu,"$10,249",171
Belgium,"$529,269.00","$598,892.00","$593,906.00","$644,968.00","$664,965.00","$684,864.00",13.15%,-0.83%,8.60%,3.10%,2.99%,5.4,134,Médio,0.62%,0.60%,↓ Caiu,"$155,595",138
Belize,"$2,043.00","$2,421.00","$2,847.00","$3,067.00","$3,427.00","$3,611.00",18.50%,17.60%,7.73%,11.74%,5.37%,12.19,23,Alto,0.00%,0.00%,→ Estável,"$1,568",178
Benin,"$15,674.00","$17,699.00","$17,439.00","$19,679.00","$21,249.00","$22,236.00",12.92%,-1.47%,12.84%,7.98%,4.64%,7.38,88,Médio,0.02%,0.02%,→ Estável,"$6,562",39
Bhutan,"$2,586.00","$2,623.00","$2,869.00","$2,923.00","$3,092.00","$3,422.00",1.43%,9.38%,1.88%,5.78%,10.67%,5.83,126,Médio,0.00%,0.00%,→ Estável,$836,14
Bolivia,"$36,897.00","$40,701.00","$44,329.00","$45,464.00","$48,404.00","$56,339.00",10.31%,8.91%,2.56%,6.47%,16.39%,8.93,58,Médio,0.04%,0.05%,↑ Cresceu,"$19,442",129
Bosnia and Herzegovina,"$20,226.00","$23,673.00","$24,535.00","$27,592.00","$28,795.00","$28,807.00",17.04%,3.64%,12.46%,4.36%,0.04%,7.51,84,Médio,0.02%,0.03%,↑ Cresceu,"$8,581",18
Botswana,"$14,930.00","$18,750.00","$20,321.00","$19,411.00","$19,356.00","$19,400.00",25.59%,8.38%,-4.48%,-0.28%,0.23%,5.89,124,Médio,0.02%,0.02%,→ Estável,"$4,470",71
Brazil,"$1,476,092.00","$1,670,650.00","$1,951,849.00","$2,191,137.00","$2,171,337.00","$2,125,958.00",13.18%,16.83%,12.26%,-0.90%,-2.09%,7.86,77,Médio,1.72%,1.87%,↑ Cresceu,"$649,866",37
Brunei,"$12,006.00","$14,006.00","$16,682.00","$15,095.00","$15,463.00","$16,007.00",16.66%,19.11%,-9.51%,2.44%,3.52%,6.44,108,Médio,0.01%,0.01%,→ Estável,"$4,001",75
Bulgaria,"$70,658.00","$84,477.00","$90,719.00","$102,434.00","$112,232.00","$117,007.00",19.56%,7.39%,12.91%,9.57%,4.25%,10.74,33,Alto,0.08%,0.10%,↑ Cresceu,"$46,349",59
Burkina Faso,"$17,837.00","$19,747.00","$19,588.00","$21,181.00","$23,975.00","$27,056.00",10.71%,-0.81%,8.13%,13.19%,12.85%,8.82,61,Médio,0.02%,0.02%,→ Estável,"$9,219",11
Burundi,"$3,089.00","$3,356.00","$3,922.00","$4,246.00","$4,743.00","$6,745.00",8.64%,16.87%,8.26%,11.71%,42.21%,17.54,7,Alto,0.00%,0.01%,↑ Cresceu,"$3,656",99
Cape Verde,"$1,831.00","$2,053.00","$2,309.00","$2,588.00","$2,726.00","$2,786.00",12.12%,12.47%,12.08%,5.33%,2.20%,8.84,59,Médio,0.00%,0.00%,→ Estável,$955,4
Cambodia,"$34,898.00","$36,797.00","$39,838.00","$43,304.00","$47,328.00","$49,799.00",5.44%,8.26%,8.70%,9.29%,5.22%,7.38,88,Médio,0.04%,0.04%,→ Estável,"$14,901",144
Cameroon,"$40,863.00","$45,036.00","$44,442.00","$49,283.00","$52,784.00","$56,011.00",10.21%,-1.32%,10.89%,7.10%,6.11%,6.6,105,Médio,0.05%,0.05%,→ Estável,"$15,148",140
Canada,"$1,655,685.00","$2,022,382.00","$2,190,411.00","$2,173,340.00","$2,241,253.00","$2,225,341.00",22.15%,8.31%,-0.78%,3.12%,-0.71%,6.42,109,Médio,1.93%,1.95%,↑ Cresceu,"$569,656",43
Central African Republic,"$2,389.00","$2,585.00","$2,460.00","$2,602.00","$2,831.00","$2,932.00",8.20%,-4.84%,5.77%,8.80%,3.57%,4.3,154,Baixo,0.00%,0.00%,→ Estável,$543,46
Chad,"$14,954.00","$16,881.00","$17,867.00","$18,343.00","$19,078.00","$18,792.00",12.89%,5.84%,2.66%,4.01%,-1.50%,4.78,148,Baixo,0.02%,0.02%,→ Estável,"$3,838",95
Chile,"$254,060.00","$315,411.00","$301,270.00","$335,627.00","$330,210.00","$343,823.00",24.15%,-4.48%,11.40%,-1.61%,4.12%,6.72,102,Médio,0.30%,0.30%,→ Estável,"$89,763",13
China,"$15,103,357.00","$18,190,803.00","$18,307,816.00","$18,270,351.00","$18,748,009.00","$19,231,705.00",20.44%,0.64%,-0.20%,2.61%,2.58%,5.22,136,Médio,17.60%,16.89%,↓ Caiu,"$4,128,348",73
Colombia,"$270,348.00","$318,525.00","$345,632.00","$366,292.00","$418,542.00","$427,766.00",17.82%,8.51%,5.98%,14.26%,2.20%,9.76,49,Médio,0.31%,0.38%,↑ Cresceu,"$157,418",137
Comoros,"$1,218.00","$1,273.00","$1,223.00","$1,335.00","$1,456.00","$1,548.00",4.52%,-3.93%,9.16%,9.06%,6.32%,5.03,143,Médio,0.00%,0.00%,→ Estável,$330,90
Democratic Republic of the Congo,"$49,613.00","$55,327.00","$63,324.00","$64,402.00","$71,011.00","$79,119.00",11.52%,14.45%,1.70%,10.26%,11.42%,9.87,46,Médio,0.06%,0.07%,↑ Cresceu,"$29,506",107
Republic of the Congo,"$11,485.00","$13,387.00","$13,967.00","$14,169.00","$14,893.00","$15,281.00",16.56%,4.33%,1.45%,5.11%,2.61%,6.01,121,Médio,0.01%,0.01%,→ Estável,"$3,796",96
Costa Rica,"$62,382.00","$64,954.00","$69,235.00","$86,509.00","$95,365.00","$102,591.00",4.12%,6.59%,24.95%,10.24%,7.58%,10.7,36,Alto,0.07%,0.09%,↑ Cresceu,"$40,209",69
Ivory Coast,"$63,119.00","$72,833.00","$71,075.00","$79,630.00","$87,096.00","$94,483.00",15.39%,-2.41%,12.04%,9.38%,8.48%,8.57,64,Médio,0.07%,0.08%,↑ Cresceu,"$31,364",93
Croatia,"$57,919.00","$69,055.00","$71,260.00","$84,416.00","$92,506.00","$98,951.00",19.23%,3.19%,18.46%,9.58%,6.97%,11.49,26,Alto,0.07%,0.09%,↑ Cresceu,"$41,032",67
Cyprus,"$25,535.00","$30,393.00","$31,001.00","$33,897.00","$36,156.00","$38,736.00",19.02%,2.00%,9.34%,6.66%,7.14%,8.83,60,Médio,0.03%,0.03%,→ Estável,"$13,201",152
Czech Republic,"$251,110.00","$290,973.00","$301,831.00","$343,207.00","$344,931.00","$360,244.00",15.87%,3.73%,13.71%,0.50%,4.44%,7.65,80,Médio,0.29%,0.32%,↑ Cresceu,"$109,134",166
Denmark,"$355,631.00","$408,378.00","$401,946.00","$407,092.00","$429,458.00","$449,940.00",14.83%,-1.58%,1.28%,5.49%,4.77%,4.96,145,Baixo,0.41%,0.40%,↓ Caiu,"$94,309",5
Djibouti,"$3,144.00","$3,393.00","$3,563.00","$3,917.00","$4,257.00","$4,587.00",7.92%,5.01%,9.94%,8.68%,7.75%,7.86,77,Médio,0.00%,0.00%,→ Estável,"$1,443",181
Dominica,$504.00,$555.00,$607.00,$654.00,$697.00,$742.00,10.12%,9.37%,7.74%,6.57%,6.46%,8.05,72,Médio,0.00%,0.00%,→ Estável,$238,114
Dominican Republic,"$78,625.00","$95,067.00","$113,813.00","$120,794.00","$124,613.00","$127,828.00",20.91%,19.72%,6.13%,3.16%,2.58%,10.5,38,Alto,0.09%,0.11%,↑ Cresceu,"$49,203",56
Ecuador,"$95,865.00","$107,179.00","$116,133.00","$121,147.00","$121,728.00","$125,677.00",11.80%,8.35%,4.32%,0.48%,3.24%,5.64,131,Médio,0.11%,0.11%,→ Estável,"$29,812",106
Egypt,"$382,525.00","$423,300.00","$475,231.00","$393,828.00","$383,109.00","$347,342.00",10.66%,12.27%,-17.13%,-2.72%,-9.34%,-1.25,175,Baixo,0.45%,0.31%,↓ Caiu,"$-35,183",189
El Salvador,"$24,921.00","$29,043.00","$31,989.00","$34,016.00","$35,337.00","$36,749.00",16.54%,10.14%,6.34%,3.88%,4.00%,8.18,69,Médio,0.03%,0.03%,→ Estável,"$11,828",163
Equatorial Guinea,"$9,908.00","$12,222.00","$13,717.00","$12,339.00","$12,544.00","$12,684.00",23.35%,12.23%,-10.05%,1.66%,1.12%,5.66,130,Médio,0.01%,0.01%,→ Estável,"$2,776",122
Eritrea,"$1,982.00","$1,982.00","$1,982.00","$1,982.00","$1,982.00","$1,982.00",0.00%,0.00%,0.00%,0.00%,0.00%,0.0,174,Baixo,0.00%,0.00%,→ Estável,$0,185
Estonia,"$31,795.00","$37,229.00","$38,406.00","$41,303.00","$42,752.00","$45,004.00",17.09%,3.16%,7.54%,3.51%,5.27%,7.31,90,Médio,0.04%,0.04%,→ Estável,"$13,209",151
Eswatini,"$3,984.00","$4,851.00","$4,791.00","$4,858.00","$5,199.00","$5,483.00",21.76%,-1.24%,1.40%,7.02%,5.46%,6.88,99,Médio,0.00%,0.00%,→ Estável,"$1,499",180
Ethiopia,"$96,611.00","$99,261.00","$118,958.00","$159,761.00","$143,123.00","$117,457.00",2.74%,19.84%,34.30%,-10.41%,-17.93%,5.71,128,Médio,0.11%,0.10%,↓ Caiu,"$20,846",120
Fiji,"$4,432.00","$4,305.00","$4,970.00","$5,442.00","$5,949.00","$6,257.00",-2.87%,15.45%,9.50%,9.32%,5.18%,7.31,90,Médio,0.01%,0.01%,→ Estável,"$1,825",174
Finland,"$269,784.00","$294,419.00","$280,474.00","$295,036.00","$298,833.00","$303,945.00",9.13%,-4.74%,5.19%,1.29%,1.71%,2.52,169,Baixo,0.31%,0.27%,↓ Caiu,"$34,161",89
France,"$2,645,806.00","$2,968,405.00","$2,797,049.00","$3,056,880.00","$3,162,023.00","$3,211,292.00",12.19%,-5.77%,9.29%,3.44%,1.56%,4.14,157,Baixo,3.08%,2.82%,↓ Caiu,"$565,486",44
Gabon,"$15,364.00","$19,455.00","$20,485.00","$20,059.00","$20,774.00","$20,391.00",26.63%,5.29%,-2.08%,3.56%,-1.84%,6.31,114,Médio,0.02%,0.02%,→ Estável,"$5,027",55
Gambia,"$1,809.00","$2,045.00","$2,135.00","$2,345.00","$2,558.00","$2,771.00",13.05%,4.40%,9.84%,9.08%,8.33%,8.94,57,Médio,0.00%,0.00%,→ Estável,$962,1
Georgia,"$16,013.00","$18,849.00","$24,985.00","$30,778.00","$33,775.00","$35,353.00",17.71%,32.55%,23.19%,9.74%,4.67%,17.57,6,Alto,0.02%,0.03%,↑ Cresceu,"$19,340",131
Germany,"$3,936,989.00","$4,351,188.00","$4,166,872.00","$4,527,009.00","$4,658,526.00","$4,744,804.00",10.52%,-4.24%,8.64%,2.91%,1.85%,3.94,159,Baixo,4.59%,4.17%,↓ Caiu,"$807,815",16
Ghana,"$70,008.00","$79,514.00","$73,919.00","$80,547.00","$82,825.00","$88,332.00",13.58%,-7.04%,8.97%,2.83%,6.65%,5.0,144,Médio,0.08%,0.08%,→ Estável,"$18,324",133
Greece,"$191,210.00","$218,449.00","$219,053.00","$243,569.00","$257,067.00","$267,348.00",14.25%,0.28%,11.19%,5.54%,4.00%,7.05,96,Médio,0.22%,0.23%,↑ Cresceu,"$76,138",24
Grenada,"$1,043.00","$1,123.00","$1,231.00","$1,325.00","$1,392.00","$1,464.00",7.67%,9.62%,7.64%,5.06%,5.17%,7.03,97,Médio,0.00%,0.00%,→ Estável,$421,65
Guatemala,"$77,718.00","$86,467.00","$95,631.00","$104,436.00","$112,575.00","$121,177.00",11.26%,10.60%,9.21%,7.79%,7.64%,9.3,54,Médio,0.09%,0.11%,↑ Cresceu,"$43,459",64
Guinea,"$14,089.00","$16,320.00","$19,589.00","$22,750.00","$25,758.00","$30,094.00",15.84%,20.03%,16.14%,13.22%,16.83%,16.41,9,Alto,0.02%,0.03%,↑ Cresceu,"$16,005",136
Guinea-Bissau,"$1,523.00","$1,722.00","$1,721.00","$2,005.00","$2,184.00","$2,274.00",13.07%,-0.06%,16.50%,8.93%,4.12%,8.51,66,Médio,0.00%,0.00%,→ Estável,$751,25
Guyana,"$5,471.00","$8,041.00","$14,718.00","$16,919.00","$24,659.00","$25,822.00",46.97%,83.04%,14.95%,45.75%,4.72%,39.09,1,Alto,0.01%,0.02%,↑ Cresceu,"$20,351",121
Haiti,"$14,508.00","$21,017.00","$19,826.00","$19,603.00","$26,229.00","$33,548.00",44.86%,-5.67%,-1.12%,33.80%,27.90%,19.96,4,Alto,0.02%,0.03%,↑ Cresceu,"$19,040",132
Honduras,"$23,190.00","$27,950.00","$31,233.00","$34,229.00","$36,965.00","$38,172.00",20.53%,11.75%,9.59%,7.99%,3.27%,10.62,37,Alto,0.03%,0.03%,→ Estável,"$14,982",143
Hong Kong,"$344,941.00","$368,954.00","$358,680.00","$381,066.00","$407,107.00","$423,999.00",6.96%,-2.78%,6.24%,6.83%,4.15%,4.28,155,Baixo,0.40%,0.37%,↓ Caiu,"$79,058",21
Hungary,"$158,468.00","$183,283.00","$178,321.00","$214,098.00","$223,060.00","$237,070.00",15.66%,-2.71%,20.06%,4.19%,6.28%,8.7,63,Médio,0.18%,0.21%,↑ Cresceu,"$78,602",22
Iceland,"$21,630.00","$25,770.00","$28,696.00","$31,452.00","$33,463.00","$35,309.00",19.14%,11.35%,9.60%,6.39%,5.52%,10.4,41,Alto,0.03%,0.03%,→ Estável,"$13,679",149
India,"$2,674,852.00","$3,167,271.00","$3,346,107.00","$3,638,490.00","$3,909,097.00","$4,187,017.00",18.41%,5.65%,8.74%,7.44%,7.11%,9.47,52,Médio,3.12%,3.68%,↑ Cresceu,"$1,512,165",179
Indonesia,"$1,059,055.00","$1,186,510.00","$1,319,101.00","$1,371,169.00","$1,396,300.00","$1,429,743.00",12.03%,11.17%,3.95%,1.83%,2.40%,6.28,115,Médio,1.23%,1.26%,↑ Cresceu,"$370,688",81
Iran,"$195,528.00","$289,294.00","$376,254.00","$372,820.00","$401,357.00","$341,013.00",47.96%,30.06%,-0.91%,7.65%,-15.03%,13.94,16,Alto,0.23%,0.30%,↑ Cresceu,"$145,485",141
Iraq,"$182,576.00","$210,753.00","$288,059.00","$270,799.00","$277,478.00","$258,020.00",15.43%,36.68%,-5.99%,2.47%,-7.01%,8.32,68,Médio,0.21%,0.23%,↑ Cresceu,"$75,444",26
Ireland,"$436,205.00","$531,660.00","$549,003.00","$551,554.00","$577,216.00","$598,840.00",21.88%,3.26%,0.46%,4.65%,3.75%,6.8,100,Médio,0.51%,0.53%,↑ Cresceu,"$162,635",135
Israel,"$410,771.00","$489,854.00","$525,183.00","$512,185.00","$540,381.00","$583,361.00",19.25%,7.21%,-2.47%,5.51%,7.95%,7.49,85,Médio,0.48%,0.51%,↑ Cresceu,"$172,590",134
Italy,"$1,905,956.00","$2,180,656.00","$2,105,722.00","$2,305,271.00","$2,372,059.00","$2,422,855.00",14.41%,-3.44%,9.48%,2.90%,2.14%,5.1,140,Médio,2.22%,2.13%,↓ Caiu,"$516,899",47
Jamaica,"$13,885.00","$14,674.00","$17,003.00","$19,315.00","$20,069.00","$21,411.00",5.68%,15.87%,13.60%,3.90%,6.69%,9.15,56,Médio,0.02%,0.02%,→ Estável,"$7,526",33
Japan,"$5,054,069.00","$5,039,148.00","$4,262,146.00","$4,213,167.00","$4,026,211.00","$4,186,431.00",-0.30%,-15.42%,-1.15%,-4.44%,3.98%,-3.46,181,Baixo,5.89%,3.68%,↓ Caiu,"$-867,638",186
Jordan,"$43,762.00","$46,362.00","$48,722.00","$51,161.00","$53,428.00","$56,102.00",5.94%,5.09%,5.01%,4.43%,5.00%,5.09,141,Médio,0.05%,0.05%,→ Estável,"$12,340",160
Kazakhstan,"$171,082.00","$197,112.00","$225,496.00","$261,840.00","$284,810.00","$300,538.00",15.21%,14.40%,16.12%,8.77%,5.52%,12.01,24,Alto,0.20%,0.26%,↑ Cresceu,"$129,456",155
Kenya,"$100,912.00","$109,875.00","$114,733.00","$108,747.00","$120,899.00","$131,673.00",8.88%,4.42%,-5.22%,11.17%,8.91%,5.63,132,Médio,0.12%,0.12%,→ Estável,"$30,761",94
Kiribati,$222.00,$285.00,$271.00,$289.00,$308.00,$312.00,28.38%,-4.91%,6.64%,6.57%,1.30%,7.6,82,Médio,0.00%,0.00%,→ Estável,$90,8
South Korea,"$1,744,456.00","$1,942,314.00","$1,799,363.00","$1,839,058.00","$1,869,714.00","$1,790,322.00",11.34%,-7.36%,2.21%,1.67%,-4.25%,0.72,173,Baixo,2.03%,1.57%,↓ Caiu,"$45,866",60
Kosovo,"$7,728.00","$9,418.00","$9,375.00","$10,470.00","$11,151.00","$11,274.00",21.87%,-0.46%,11.68%,6.50%,1.10%,8.14,71,Médio,0.01%,0.01%,→ Estável,"$3,546",101
Kuwait,"$111,048.00","$148,455.00","$183,977.00","$163,716.00","$158,568.00","$153,101.00",33.69%,23.93%,-11.01%,-3.14%,-3.45%,8.0,75,Médio,0.13%,0.13%,→ Estável,"$42,053",66
Kyrgyzstan,"$8,283.00","$9,256.00","$12,269.00","$15,187.00","$17,491.00","$19,849.00",11.75%,32.55%,23.78%,15.17%,13.48%,19.35,5,Alto,0.01%,0.02%,↑ Cresceu,"$11,566",164
Laos,"$18,511.00","$18,533.00","$15,121.00","$14,978.00","$15,879.00","$16,322.00",0.12%,-18.41%,-0.95%,6.02%,2.79%,-2.09,178,Baixo,0.02%,0.01%,↓ Caiu,"$-2,189",194
Latvia,"$33,353.00","$38,209.00","$38,045.00","$42,584.00","$43,508.00","$45,535.00",14.56%,-0.43%,11.93%,2.17%,4.66%,6.58,106,Médio,0.04%,0.04%,→ Estável,"$12,182",161
Lebanon,"$24,976.00","$19,782.00","$24,748.00","$23,607.00","$28,280.00","$28,280.00",-20.80%,25.10%,-4.61%,19.79%,0.00%,3.9,160,Baixo,0.03%,0.02%,↓ Caiu,"$3,304",102
Lesotho,"$2,092.00","$2,445.00","$2,275.00","$2,213.00","$2,309.00","$2,404.00",16.87%,-6.95%,-2.73%,4.34%,4.11%,3.13,166,Baixo,0.00%,0.00%,→ Estável,$312,91
Liberia,"$3,037.00","$3,509.00","$3,974.00","$4,390.00","$4,818.00","$5,166.00",15.54%,13.25%,10.47%,9.75%,7.22%,11.25,27,Alto,0.00%,0.00%,→ Estável,"$2,129",126
Libya,"$46,893.00","$35,216.00","$43,281.00","$43,958.00","$42,159.00","$47,484.00",-24.90%,22.90%,1.56%,-4.09%,12.63%,1.62,172,Baixo,0.05%,0.04%,↓ Caiu,$591,40
Lithuania,"$57,352.00","$67,068.00","$71,082.00","$79,824.00","$84,847.00","$89,192.00",16.94%,5.98%,12.30%,6.29%,5.12%,9.33,53,Médio,0.07%,0.08%,↑ Cresceu,"$31,840",92
Luxembourg,"$73,612.00","$86,444.00","$80,865.00","$87,599.00","$93,169.00","$96,613.00",17.43%,-6.45%,8.33%,6.36%,3.70%,5.87,125,Médio,0.09%,0.08%,↓ Caiu,"$23,001",115
Macau,"$25,344.00","$30,969.00","$24,998.00","$45,802.00","$50,182.00","$53,354.00",22.19%,-19.28%,83.22%,9.56%,6.32%,20.4,3,Alto,0.03%,0.05%,↑ Cresceu,"$28,010",109
Madagascar,"$13,051.00","$14,355.00","$15,326.00","$15,870.00","$17,420.00","$18,708.00",9.99%,6.76%,3.55%,9.77%,7.39%,7.49,85,Médio,0.02%,0.02%,→ Estável,"$5,657",51
Malawi,"$11,847.00","$12,475.00","$12,531.00","$13,439.00","$11,797.00","$13,959.00",5.30%,0.45%,7.25%,-12.22%,18.33%,3.82,161,Baixo,0.01%,0.01%,→ Estável,"$2,112",127
Malaysia,"$337,456.00","$373,785.00","$407,605.00","$399,705.00","$419,617.00","$444,984.00",10.77%,9.05%,-1.94%,4.98%,6.05%,5.78,127,Médio,0.39%,0.39%,→ Estável,"$107,528",167
Maldives,"$3,706.00","$5,242.00","$6,168.00","$6,581.00","$7,019.00","$7,480.00",41.45%,17.67%,6.70%,6.66%,6.57%,15.81,10,Alto,0.00%,0.01%,↑ Cresceu,"$3,774",98
Mali,"$17,491.00","$19,320.00","$19,319.00","$21,184.00","$22,724.00","$23,208.00",10.46%,-0.01%,9.65%,7.27%,2.13%,5.9,123,Médio,0.02%,0.02%,→ Estável,"$5,717",50
Malta,"$16,397.00","$19,737.00","$19,254.00","$22,217.00","$24,315.00","$25,750.00",20.37%,-2.45%,15.39%,9.44%,5.90%,9.73,51,Médio,0.02%,0.02%,→ Estável,"$9,353",10
Marshall Islands,$242.00,$259.00,$253.00,$259.00,$280.00,$297.00,7.02%,-2.32%,2.37%,8.11%,6.07%,4.25,156,Baixo,0.00%,0.00%,→ Estável,$55,45
Mauritania,"$8,464.00","$9,126.00","$9,564.00","$10,649.00","$10,697.00","$11,470.00",7.82%,4.80%,11.34%,0.45%,7.23%,6.33,112,Médio,0.01%,0.01%,→ Estável,"$3,006",103
Mauritius,"$11,408.00","$11,484.00","$12,908.00","$14,101.00","$14,953.00","$15,495.00",0.67%,12.40%,9.24%,6.04%,3.62%,6.4,111,Médio,0.01%,0.01%,→ Estável,"$4,087",74
Mexico,"$1,121,065.00","$1,316,569.00","$1,466,465.00","$1,793,799.00","$1,852,723.00","$1,692,640.00",17.44%,11.39%,22.32%,3.28%,-8.64%,9.16,55,Médio,1.31%,1.49%,↑ Cresceu,"$571,575",42
Federated States of Micronesia,$373.00,$392.00,$416.00,$444.00,$471.00,$500.00,5.09%,6.12%,6.73%,6.08%,6.16%,6.04,120,Médio,0.00%,0.00%,→ Estável,$127,157
Moldova,"$11,530.00","$13,694.00","$14,493.00","$16,751.00","$18,126.00","$19,462.00",18.77%,5.83%,15.58%,8.21%,7.37%,11.15,29,Alto,0.01%,0.02%,↑ Cresceu,"$7,932",32
Mongolia,"$13,313.00","$15,286.00","$17,146.00","$20,315.00","$23,586.00","$25,804.00",14.82%,12.17%,18.48%,16.10%,9.40%,14.2,15,Alto,0.02%,0.02%,→ Estável,"$12,491",159
Montenegro,"$4,777.00","$5,865.00","$6,243.00","$7,532.00","$8,023.00","$8,562.00",22.78%,6.45%,20.65%,6.52%,6.72%,12.62,21,Alto,0.01%,0.01%,→ Estável,"$3,785",97
Morocco,"$121,354.00","$142,022.00","$130,952.00","$144,438.00","$155,350.00","$165,835.00",17.03%,-7.79%,10.30%,7.55%,6.75%,6.77,101,Médio,0.14%,0.15%,↑ Cresceu,"$44,481",62
Mozambique,"$14,235.00","$16,168.00","$18,884.00","$20,954.00","$21,944.00","$23,771.00",13.58%,16.80%,10.96%,4.72%,8.33%,10.88,32,Alto,0.02%,0.02%,→ Estável,"$9,536",9
Myanmar,"$65,631.00","$58,264.00","$61,723.00","$61,466.00","$61,176.00","$64,944.00",-11.22%,5.94%,-0.42%,-0.47%,6.16%,-0.0,174,Baixo,0.08%,0.06%,↓ Caiu,$-687,187
Namibia,"$10,583.00","$12,399.00","$12,564.00","$12,402.00","$13,370.00","$14,214.00",17.16%,1.33%,-1.29%,7.81%,6.31%,6.26,116,Médio,0.01%,0.01%,→ Estável,"$3,631",100
Nauru,$125.00,$176.00,$152.00,$152.00,$161.00,$169.00,40.80%,-13.64%,0.00%,5.92%,4.97%,7.61,81,Médio,0.00%,0.00%,→ Estável,$44,63
Nepal,"$33,434.00","$36,927.00","$41,183.00","$40,907.00","$43,419.00","$46,080.00",10.45%,11.53%,-0.67%,6.14%,6.13%,6.71,103,Médio,0.04%,0.04%,→ Estável,"$12,646",158
Netherlands,"$931,814.00","$1,055,173.00","$1,047,364.00","$1,154,694.00","$1,227,174.00","$1,272,011.00",13.24%,-0.74%,10.25%,6.28%,3.65%,6.54,107,Médio,1.09%,1.12%,↑ Cresceu,"$340,197",87
New Zealand,"$210,541.00","$249,775.00","$245,203.00","$253,436.00","$257,728.00","$248,666.00",18.63%,-1.83%,3.36%,1.69%,-3.52%,3.67,163,Baixo,0.25%,0.22%,↓ Caiu,"$38,125",78
Nicaragua,"$12,730.00","$14,208.00","$15,634.00","$17,820.00","$19,710.00","$21,155.00",11.61%,10.04%,13.98%,10.61%,7.33%,10.71,35,Alto,0.01%,0.02%,↑ Cresceu,"$8,425",19
Niger,"$13,764.00","$14,923.00","$15,458.00","$16,809.00","$19,866.00","$21,874.00",8.42%,3.59%,8.74%,18.19%,10.11%,9.81,47,Médio,0.02%,0.02%,→ Estável,"$8,110",20
Nigeria,"$432,299.00","$441,074.00","$476,468.00","$363,816.00","$187,640.00","$188,271.00",2.03%,8.02%,-23.64%,-48.42%,0.34%,-12.34,182,Baixo,0.50%,0.17%,↓ Caiu,"$-244,028",191
North Macedonia,"$12,385.00","$14,008.00","$13,957.00","$15,772.00","$16,679.00","$17,885.00",13.10%,-0.36%,13.00%,5.75%,7.23%,7.75,79,Médio,0.01%,0.02%,↑ Cresceu,"$5,500",52
Norway,"$367,633.00","$503,368.00","$596,298.00","$482,950.00","$483,727.00","$504,276.00",36.92%,18.46%,-19.01%,0.16%,4.25%,8.16,70,Médio,0.43%,0.44%,↑ Cresceu,"$136,643",146
Oman,"$75,909.00","$87,324.00","$109,853.00","$105,896.00","$106,943.00","$104,351.00",15.04%,25.80%,-3.60%,0.99%,-2.42%,7.16,93,Médio,0.09%,0.09%,→ Estável,"$28,442",108
Pakistan,"$300,410.00","$348,481.00","$374,850.00","$337,754.00","$373,078.00","$373,078.00",16.00%,7.57%,-9.90%,10.46%,0.00%,4.83,146,Baixo,0.35%,0.33%,↓ Caiu,"$72,668",30
Palau,$259.00,$236.00,$248.00,$275.00,$306.00,$333.00,-8.88%,5.08%,10.89%,11.27%,8.82%,5.44,133,Médio,0.00%,0.00%,→ Estável,$74,28
Panama,"$57,087.00","$67,407.00","$76,523.00","$83,382.00","$87,688.00","$91,675.00",18.08%,13.52%,8.96%,5.16%,4.55%,10.06,44,Alto,0.07%,0.08%,↑ Cresceu,"$34,588",88
Papua New Guinea,"$23,848.00","$26,113.00","$31,653.00","$30,729.00","$31,654.00","$32,835.00",9.50%,21.22%,-2.92%,3.01%,3.73%,6.91,98,Médio,0.03%,0.03%,→ Estável,"$8,987",17
Paraguay,"$35,432.00","$39,951.00","$41,953.00","$43,118.00","$43,989.00","$45,465.00",12.75%,5.01%,2.78%,2.02%,3.36%,5.18,137,Médio,0.04%,0.04%,→ Estável,"$10,033",173
Peru,"$206,461.00","$226,268.00","$244,419.00","$267,482.00","$289,070.00","$303,293.00",9.59%,8.02%,9.44%,8.07%,4.92%,8.01,74,Médio,0.24%,0.27%,↑ Cresceu,"$96,832",3
Philippines,"$361,751.00","$394,087.00","$404,353.00","$437,055.00","$461,617.00","$497,495.00",8.94%,2.61%,8.09%,5.62%,7.77%,6.6,105,Médio,0.42%,0.44%,↑ Cresceu,"$135,744",147
Poland,"$605,930.00","$689,253.00","$695,734.00","$809,706.00","$908,583.00","$979,960.00",13.75%,0.94%,16.38%,12.21%,7.86%,10.23,42,Alto,0.71%,0.86%,↑ Cresceu,"$374,030",80
Portugal,"$229,435.00","$256,226.00","$257,101.00","$289,781.00","$308,590.00","$321,440.00",11.68%,0.34%,12.71%,6.49%,4.16%,7.08,95,Médio,0.27%,0.28%,↑ Cresceu,"$92,005",7
Puerto Rico,"$103,131.00","$106,427.00","$113,567.00","$117,902.00","$120,978.00","$122,522.00",3.20%,6.71%,3.82%,2.61%,1.28%,3.52,164,Baixo,0.12%,0.11%,↓ Caiu,"$19,391",130
Qatar,"$144,411.00","$179,732.00","$235,709.00","$213,003.00","$221,452.00","$222,776.00",24.46%,31.14%,-9.63%,3.97%,0.60%,10.11,43,Alto,0.17%,0.20%,↑ Cresceu,"$78,365",23
Romania,"$252,372.00","$286,783.00","$296,928.00","$350,847.00","$384,148.00","$403,395.00",13.64%,3.54%,18.16%,9.49%,5.01%,9.97,45,Médio,0.29%,0.35%,↑ Cresceu,"$151,023",139
Russia,"$1,488,118.00","$1,828,927.00","$2,295,527.00","$2,059,762.00","$2,161,205.00","$2,076,396.00",22.90%,25.51%,-10.27%,4.92%,-3.92%,7.83,78,Médio,1.73%,1.82%,↑ Cresceu,"$588,278",41
Rwanda,"$10,174.00","$11,066.00","$13,313.00","$14,331.00","$14,251.00","$14,771.00",8.77%,20.31%,7.65%,-0.56%,3.65%,7.96,76,Médio,0.01%,0.01%,→ Estável,"$4,597",70
Samoa,$869.00,$844.00,$833.00,$938.00,"$1,068.00","$1,160.00",-2.88%,-1.30%,12.61%,13.86%,8.61%,6.18,117,Médio,0.00%,0.00%,→ Estável,$291,105
San Marino,"$1,543.00","$1,857.00","$1,833.00","$2,003.00","$2,063.00","$2,047.00",20.35%,-1.29%,9.27%,3.00%,-0.78%,6.11,119,Médio,0.00%,0.00%,→ Estável,$504,49
São Tomé and Príncipe,$476.00,$529.00,$546.00,$684.00,$796.00,$864.00,11.13%,3.21%,25.27%,16.37%,8.54%,12.91,18,Alto,0.00%,0.00%,→ Estável,$388,77
Saudi Arabia,"$734,271.00","$874,157.00","$1,108,571.00","$1,067,583.00","$1,085,358.00","$1,083,749.00",19.05%,26.82%,-3.70%,1.66%,-0.15%,8.74,62,Médio,0.86%,0.95%,↑ Cresceu,"$349,478",86
Senegal,"$24,534.00","$27,584.00","$27,750.00","$30,625.00","$32,892.00","$34,728.00",12.43%,0.60%,10.36%,7.40%,5.58%,7.28,91,Médio,0.03%,0.03%,→ Estável,"$10,194",172
Serbia,"$55,874.00","$65,830.00","$66,798.00","$81,343.00","$89,074.00","$92,549.00",17.82%,1.47%,21.77%,9.50%,3.90%,10.89,31,Alto,0.07%,0.08%,↑ Cresceu,"$36,675",83
Seychelles,"$1,384.00","$1,490.00","$2,018.00","$2,187.00","$2,168.00","$2,198.00",7.66%,35.44%,8.37%,-0.87%,1.38%,10.4,41,Alto,0.00%,0.00%,→ Estável,$814,15
Sierra Leone,"$6,682.00","$7,165.00","$7,119.00","$6,397.00","$7,653.00","$8,386.00",7.23%,-0.64%,-10.14%,19.63%,9.58%,5.13,139,Médio,0.01%,0.01%,→ Estável,"$1,704",175
Singapore,"$349,166.00","$436,591.00","$509,018.00","$505,440.00","$547,387.00","$564,774.00",25.04%,16.59%,-0.70%,8.30%,3.18%,10.48,40,Alto,0.41%,0.50%,↑ Cresceu,"$215,608",117
Slovakia,"$107,646.00","$120,672.00","$116,020.00","$132,947.00","$140,636.00","$147,031.00",12.10%,-3.86%,14.59%,5.78%,4.55%,6.63,104,Médio,0.13%,0.13%,→ Estável,"$39,385",76
Slovenia,"$53,342.00","$61,570.00","$59,975.00","$69,168.00","$72,463.00","$75,224.00",15.42%,-2.59%,15.33%,4.76%,3.81%,7.35,89,Médio,0.06%,0.07%,↑ Cresceu,"$21,882",118
Solomon Islands,"$1,536.00","$1,523.00","$1,566.00","$1,661.00","$1,777.00","$1,898.00",-0.85%,2.82%,6.07%,6.98%,6.81%,4.37,152,Baixo,0.00%,0.00%,→ Estável,$362,82
Somalia,"$8,628.00","$9,484.00","$10,203.00","$10,969.00","$12,134.00","$12,994.00",9.92%,7.58%,7.51%,10.62%,7.09%,8.54,65,Médio,0.01%,0.01%,→ Estável,"$4,366",72
South Africa,"$337,876.00","$420,778.00","$406,755.00","$380,592.00","$400,191.00","$410,338.00",24.54%,-3.33%,-6.43%,5.15%,2.54%,4.49,151,Baixo,0.39%,0.36%,↓ Caiu,"$72,462",31
South Sudan,"$5,423.00","$5,940.00","$8,037.00","$7,186.00","$5,423.00","$3,998.00",9.53%,35.30%,-10.59%,-24.53%,-26.28%,-3.31,180,Baixo,0.01%,0.00%,↓ Caiu,"$-1,425",195
Spain,"$1,288,751.00","$1,462,216.00","$1,447,636.00","$1,620,558.00","$1,722,227.00","$1,799,511.00",13.46%,-1.00%,11.95%,6.27%,4.49%,7.03,97,Médio,1.50%,1.58%,↑ Cresceu,"$510,760",48
Sri Lanka,"$84,304.00","$88,609.00","$74,584.00","$83,723.00","$98,964.00","$98,964.00",5.11%,-15.83%,12.25%,18.20%,0.00%,3.95,158,Baixo,0.10%,0.09%,↓ Caiu,"$14,660",145
Saint Kitts and Nevis,$884.00,$859.00,$981.00,"$1,056.00","$1,117.00","$1,129.00",-2.83%,14.20%,7.65%,5.78%,1.07%,5.17,138,Médio,0.00%,0.00%,→ Estável,$245,113
Saint Lucia,"$1,499.00","$1,867.00","$2,343.00","$2,430.00","$2,523.00","$2,632.00",24.55%,25.50%,3.71%,3.83%,4.32%,12.38,22,Alto,0.00%,0.00%,→ Estável,"$1,133",184
Saint Vincent and the Grenadines,$864.00,$888.00,$970.00,"$1,071.00","$1,162.00","$1,242.00",2.78%,9.23%,10.41%,8.50%,6.88%,7.56,83,Médio,0.00%,0.00%,→ Estável,$378,79
Sudan,"$35,237.00","$35,142.00","$33,517.00","$36,998.00","$28,270.00","$31,506.00",-0.27%,-4.62%,10.39%,-23.59%,11.45%,-1.33,176,Baixo,0.04%,0.03%,↓ Caiu,"$-3,731",190
Suriname,"$2,912.00","$3,084.00","$3,631.00","$3,445.00","$4,458.00","$4,506.00",5.91%,17.74%,-5.12%,29.40%,1.08%,9.8,48,Médio,0.00%,0.00%,→ Estável,"$1,594",177
Sweden,"$545,148.00","$637,187.00","$579,896.00","$585,490.00","$610,118.00","$620,297.00",16.88%,-8.99%,0.96%,4.21%,1.67%,2.95,168,Baixo,0.64%,0.54%,↓ Caiu,"$75,149",27
Switzerland,"$741,288.00","$814,699.00","$828,522.00","$894,867.00","$936,738.00","$947,125.00",9.90%,1.70%,8.01%,4.68%,1.11%,5.08,142,Médio,0.86%,0.83%,↓ Caiu,"$205,837",119
Syria,"$60,043.00","$60,043.00","$60,043.00","$60,043.00","$60,043.00","$60,043.00",0.00%,0.00%,0.00%,0.00%,0.00%,0.0,174,Baixo,0.07%,0.05%,↓ Caiu,$0,185
Taiwan,"$676,861.00","$776,965.00","$765,624.00","$757,335.00","$782,441.00","$804,889.00",14.79%,-1.46%,-1.08%,3.32%,2.87%,3.69,162,Baixo,0.79%,0.71%,↓ Caiu,"$128,028",156
Tajikistan,"$8,134.00","$8,934.00","$10,493.00","$11,854.00","$13,544.00","$14,836.00",9.84%,17.45%,12.97%,14.26%,9.54%,12.81,20,Alto,0.01%,0.01%,→ Estável,"$6,702",38
Tanzania,"$63,373.00","$67,964.00","$74,173.00","$79,138.00","$80,171.00","$85,977.00",7.24%,9.14%,6.69%,1.31%,7.24%,6.32,113,Médio,0.07%,0.08%,↑ Cresceu,"$22,604",116
Thailand,"$500,462.00","$506,195.00","$495,645.00","$515,906.00","$526,411.00","$546,224.00",1.15%,-2.08%,4.09%,2.04%,3.76%,1.79,171,Baixo,0.58%,0.48%,↓ Caiu,"$45,762",61
Timor-Leste,"$2,163.00","$3,625.00","$3,209.00","$2,080.00","$2,015.00","$2,115.00",67.59%,-11.48%,-35.18%,-3.12%,4.96%,4.55,150,Baixo,0.00%,0.00%,→ Estável,$-48,188
Togo,"$7,400.00","$8,338.00","$8,144.00","$9,081.00","$9,776.00","$10,023.00",12.68%,-2.33%,11.51%,7.65%,2.53%,6.41,110,Médio,0.01%,0.01%,→ Estável,"$2,623",123
Tonga,$503.00,$520.00,$515.00,$512.00,$539.00,$568.00,3.38%,-0.96%,-0.58%,5.27%,5.38%,2.5,170,Baixo,0.00%,0.00%,→ Estável,$65,36
Trinidad and Tobago,"$20,991.00","$24,177.00","$28,510.00","$25,489.00","$25,524.00","$26,467.00",15.18%,17.92%,-10.60%,0.14%,3.69%,5.27,135,Médio,0.02%,0.02%,→ Estável,"$5,476",53
Tunisia,"$42,494.00","$46,813.00","$44,596.00","$48,541.00","$53,063.00","$56,291.00",10.16%,-4.74%,8.85%,9.32%,6.08%,5.93,122,Médio,0.05%,0.05%,→ Estável,"$13,797",148
Turkey,"$717,114.00","$807,893.00","$905,800.00","$1,130,062.00","$1,322,405.00","$1,437,406.00",12.66%,12.12%,24.76%,17.02%,8.70%,15.05,12,Alto,0.84%,1.26%,↑ Cresceu,"$720,292",29
Turkmenistan,"$52,385.00","$60,934.00","$77,963.00","$77,876.00","$82,515.00","$89,054.00",16.32%,27.95%,-0.11%,5.96%,7.92%,11.61,25,Alto,0.06%,0.08%,↑ Cresceu,"$36,669",84
Tuvalu,$52.00,$62.00,$61.00,$63.00,$65.00,$65.00,19.23%,-1.61%,3.28%,3.17%,0.00%,4.81,147,Baixo,0.00%,0.00%,→ Estável,$13,154
Uganda,"$37,889.00","$42,805.00","$47,276.00","$51,934.00","$56,453.00","$64,277.00",12.97%,10.45%,9.85%,8.70%,13.86%,11.17,28,Alto,0.04%,0.06%,↑ Cresceu,"$26,388",110
Ukraine,"$156,566.00","$199,835.00","$161,987.00","$178,763.00","$190,426.00","$205,742.00",27.64%,-18.94%,10.36%,6.52%,8.04%,6.72,102,Médio,0.18%,0.18%,→ Estável,"$49,176",57
United Arab Emirates,"$349,473.00","$415,179.00","$502,732.00","$514,130.00","$537,079.00","$548,598.00",18.80%,21.09%,2.27%,4.46%,2.14%,9.75,50,Médio,0.41%,0.48%,↑ Cresceu,"$199,125",128
United Kingdom,"$2,698,705.00","$3,144,079.00","$3,125,404.00","$3,371,118.00","$3,644,636.00","$3,839,180.00",16.50%,-0.59%,7.86%,8.11%,5.34%,7.44,86,Médio,3.14%,3.37%,↑ Cresceu,"$1,140,475",183
United States,"$21,354,125.00","$23,681,175.00","$26,006,900.00","$27,720,725.00","$29,184,900.00","$30,507,217.00",10.90%,9.82%,6.59%,5.28%,4.53%,7.42,87,Médio,24.88%,26.80%,↑ Cresceu,"$9,153,092",12
Uruguay,"$53,557.00","$60,742.00","$70,600.00","$77,997.00","$80,961.00","$79,731.00",13.42%,16.23%,10.48%,3.80%,-1.52%,8.48,67,Médio,0.06%,0.07%,↑ Cresceu,"$26,174",111
Uzbekistan,"$66,443.00","$77,340.00","$90,125.00","$102,634.00","$114,962.00","$132,484.00",16.40%,16.53%,13.88%,12.01%,15.24%,14.81,13,Alto,0.08%,0.12%,↑ Cresceu,"$66,041",34
Vanuatu,"$1,008.00",$921.00,"$1,072.00","$1,158.00","$1,206.00","$1,267.00",-8.63%,16.40%,8.02%,4.15%,5.06%,5.0,144,Médio,0.00%,0.00%,→ Estável,$259,112
Venezuela,"$42,838.00","$56,615.00","$89,013.00","$102,377.00","$119,808.00","$108,511.00",32.16%,57.23%,15.01%,17.03%,-9.43%,22.4,2,Alto,0.05%,0.10%,↑ Cresceu,"$65,673",35
Vietnam,"$346,310.00","$370,076.00","$411,068.00","$433,008.00","$459,472.00","$490,970.00",6.86%,11.08%,5.34%,6.11%,6.86%,7.25,92,Médio,0.40%,0.43%,↑ Cresceu,"$144,660",142
Palestine,"$15,532.00","$18,109.00","$19,166.00","$17,848.00","$17,848.00","$17,848.00",16.59%,5.84%,-6.88%,0.00%,0.00%,3.11,167,Baixo,0.02%,0.02%,→ Estável,"$2,316",125
Yemen,"$20,220.00","$19,394.00","$23,534.00","$19,412.00","$19,101.00","$17,401.00",-4.09%,21.35%,-17.52%,-1.60%,-8.90%,-2.15,179,Baixo,0.02%,0.02%,→ Estável,"$-2,819",193
Zambia,"$18,138.00","$22,096.00","$29,164.00","$27,578.00","$26,326.00","$28,910.00",21.82%,31.99%,-5.44%,-4.54%,9.82%,10.73,34,Alto,0.02%,0.03%,↑ Cresceu,"$10,772",170
Zimbabwe,"$26,878.00","$36,016.00","$32,613.00","$35,144.00","$35,224.00","$38,172.00",34.00%,-9.45%,7.76%,0.23%,8.37%,8.18,69,Médio,0.03%,0.03%,→ Estável,"$11,294",165
